AA3,AA1,hydrophilicity,volume,net_charge,hb_don,hb_acc,hb_don_acc
ALA,A,0.384,0.189,0,0,0,0
ARG,R,1.000,0.721,1,1,0,0
ASN,N,0.764,0.403,0,1,1,0
ASP,D,0.972,0.274,-1,0,1,0
CYS,C,0.320,0.306,0,0,0,1
GLN,Q,0.749,0.554,0,1,1,0
GLU,E,0.957,0.426,-1,0,1,0
GLY,G,0.499,0.001,0,0,0,0
HIS,H,0.835,0.542,0,1,1,0
ILE,I,0.057,0.642,0,0,0,0
LEU,L,0.057,0.642,0,0,0,0
LYS,K,0.717,0.687,1,1,0,0
MET,M,0.262,0.646,0,0,0,0
PHE,F,0.000,0.793,0,0,0,0
PRO,P,0.289,0.287,0,0,0,0
SER,S,0.641,0.201,0,0,0,1
THR,T,0.550,0.352,0,0,0,1
TRP,W,0.122,1.000,0,1,0,0
TYR,Y,0.120,0.806,0,0,0,1
VAL,V,0.175,0.491,0,0,0,0
