peptide,length,binding_affinity,energy,template
AALLADKFPV,10,29.3,-68.013,2GT9
ADLDDFSKQL,10,1360.6,-54.667,5FDW
AFLPFAMGI,9,1500.0,-65.761,3PWN
AIASEFSSL,9,403.4,-58.479,1HHI
AIFYLITPV,9,11.3,-73.509,3MRL
AIMTRCLAV,9,43.3,-70.981,3MRJ
AINRPQIGV,9,2015.3,-63.475,3MRL
AIPTNFTISV,10,166.1,-57.665,1HHH
ALAPNMMV,8,612.2,-39.28,2GTW
ALAPNMMVT,9,560.0,-77.884,5EU4
ALCADSIII,9,553.4,-65.638,6OPD
ALDISASIV,9,539.7,-66.888,1JHT
ALFAYTKRNV,10,69.7,-66.711,3I6K
ALGGSVAIKI,10,1534.1,-66.259,3MRR
ALGKLQDVV,9,916.9,-59.107,6R2L
ALGVLMSNL,9,433.2,-63.403,5MEO
ALITLATCEL,10,144.2,-69.785,5FDW
ALLADKFPV,9,5.1,-66.845,3MRK
ALLADKFPVL,10,63.4,-68.327,5FDW
ALLAGTITS,9,890.0,-61.929,1S9Y
ALLAVFQSA,9,38.5,-67.357,1S9X
ALLEDEFTPF,10,721.8,-74.742,1HHH
ALLEDEFTP,9,2049.4,-56.373,3FT4
ALLSDLQDL,9,74.6,-72.743,3KLA
ALLTLQQIEL,10,78.8,-73.915,5FDW
ALNKATNNA,9,1743.5,-60.673,5EU5
ALNLGETFV,9,47.6,-65.153,1JHT
ALNNIINNA,9,132.2,-59.917,3D25
ALNTLVKQL,9,815.6,-70.822,3MRE
ALPETTADI,9,400.0,-64.018,6PTB
ALPETTADIV,10,684.3,-61.063,1HHH
ALQDAYYRA,9,72.0,-69.106,3FT4
ALQIPFAMQM,10,281.6,-58.857,6O53
ALRANSAVKL,10,2163.8,-62.204,5FDW
ALSKGVHFV,9,8.9,-62.668,6EWC
ALVSDVGDSA,10,1879.2,-58.193,3UTQ
ALVYDNKLKA,10,1991.8,-57.027,3UTQ
ALVYFLQSI,9,26.0,-62.575,3PWN
ALWEIQQV,8,84.7,-58.855,3TO2
ALWEIQQVV,9,8.0,-69.007,3H7B
ALYYPSARI,9,408.8,-63.961,6PTB
ALYYPSARIV,10,537.7,-70.899,4JFE
AMGIIAMSA,9,697.5,-63.508,1TVH
AMQTMLFTM,9,44.8,-64.405,1TVH
AMRNAGIVGV,10,57.2,-71.756,6AM5
AMSAFAMMFV,10,9.8,-75.462,6AM5
AMYTPHTV,8,1946.8,-53.869,3TO2
AMYTPHTVL,9,543.5,-67.494,2X4S
AQFAPSASA,9,947.6,-56.056,4NNY
AQVDVVNFNL,10,287.1,-72.59,5FDW
ASFDNFKFV,9,518.3,-63.835,1QSE
ASLPFGWLI,9,378.3,-53.816,3PWL
ATIPIQASL,9,1525.9,-59.933,3MRF
ATVAYFNMV,9,122.6,-65.258,1TVB
AVANGDSEV,9,1698.3,-61.237,3FQW
AVASKILGL,9,563.3,-64.098,3V5K
AVIKTLQPV,9,18.9,-67.874,6NCA
AVINGDRWFL,10,370.7,-71.878,1I4F
AVLDMCASL,9,227.4,-56.698,3V5D
DLFMRIFTI,9,487.5,-70.273,6OPD
DLNETLVTM,9,3986.0,-70.423,1T20
ELDERIDKV,9,1666.5,-58.383,6R2L
ELFENKTTL,9,2196.2,-62.079,2V2X
ELLHAPATV,9,546.6,-66.167,3MR9
ELTPVVQTI,9,3101.6,-63.763,6PTB
ELYSPIFLI,9,98.1,-69.358,3PWN
ELYSPIFLIV,10,174.9,-70.023,4JFD
FAFACPDGV,9,53.7,-65.597,3TO2
FAQDGNAAI,9,1215.6,-62.093,2GTW
FCLEASFNYL,10,66.9,-70.751,5FDW
FCNDPFLGV,9,789.0,-63.452,1I1F
FDMSKFPLKL,10,72.9,-63.414,5FDW
FELDERIDKV,10,36.4,-60.364,1HHH
FELLHAPATV,10,13.8,-58.672,5C08
FFFYENAFL,9,334.9,-71.223,3MYJ
FGADPIHSL,9,1473.4,-57.907,3V5D
FGDDTVIEV,9,349.5,-63.498,6NCA
FGMSRIGMEV,10,23.7,-61.737,1HHH
FHLDGEVITF,10,1828.8,-62.727,4GKN
FHLVDFQVTI,10,15.3,-73.129,5C0B
FIAGLIAIV,9,8.5,-75.254,3MRL
FIASFRLFA,9,50.2,-69.743,5EU4
FIEDLLFNKV,10,49.1,-76.498,1HHH
FIRQEEVQEL,10,629.6,-61.379,5FDW
FISDEVARDL,10,472.5,-70.786,5FDW
FITESKPSV,9,67.2,-60.879,3MRH
FKLNEEIAII,10,65.3,-68.188,5C0B
FKLSYGIATV,10,9.8,-64.668,4GKN
FKLVNKFLAL,10,42.2,-68.531,5FDW
FLAFVVFL,8,69.8,-61.027,1HHI
FLAFVVFLL,9,6.7,-79.84,1EEZ
FLAHIQWMV,9,1.8,-71.124,3REW
FLALCADSI,9,15.6,-65.559,6PTE
FLALITLA,8,229.6,-57.137,1S9X
FLALITLAT,9,49.0,-69.896,6O4Z
FLARGIVFM,9,4.9,-75.32,5EU4
FLEGETLPT,9,289.4,-72.331,5EU5
FLELAMDEFI,10,17.1,-74.77,3MGO
FLEMKSEKQV,10,278.0,-69.62,1HHH
FLEYHDVRV,9,23.7,-69.243,5EU6
FLEYHDVRVV,10,91.5,-69.486,4GKS
FLFVAAIFYL,10,4.9,-80.099,5FDW
FLGIITTVA,9,87.7,-67.02,5EU5
FLGIITTV,8,55.6,-62.833,3MRL
FLGRYMSAL,9,9.8,-71.45,5MEO
FLHFLPRV,8,65.5,-64.437,2BNQ
FLHVTYVPA,9,31.1,-68.551,3D25
FLIGCNYL,8,56.7,-50.005,3HPJ
FLIVAAIVFI,10,23.5,-75.088,3MRR
FLKKDAPYI,9,17.0,-64.537,3PWN
FLKKDAPYIV,10,72.3,-69.077,1HHH
FLKRGDKSV,9,1101.1,-62.925,5EU6
FLLNKEMYL,9,2.6,-65.495,1T1W
FLLPSLATVA,10,11.2,-70.274,3UTQ
FLLPSLATV,9,2.5,-77.116,3GSQ
FLLVTLAIL,9,25.3,-77.584,1T1W
FLMSFTVLC,9,55.2,-73.532,1S9W
FLMSFTVLCL,10,5.5,-83.579,5FDW
FLMSFTVL,8,24.1,-66.987,3KLA
FLNGSCGSV,9,18.9,-65.03,1EEY
FLNKVVSTT,9,74.5,-64.991,6R2L
FLNRFTTTL,9,5.4,-71.651,5MEQ
FLPFAMGI,8,135.6,-63.999,3PWN
FLPFFSNV,8,70.7,-65.264,2X4R
FLPGVYSVI,9,36.5,-58.346,3PWN
FLPGVYSV,8,13.8,-62.797,3MRB
FLPRVFSA,8,59.0,-61.782,5EU4
FLPRVFSAV,9,5.2,-61.814,6R2L
FLQSINFV,8,44.2,-54.333,3PWJ
FLQSINFVRI,10,23.9,-74.205,3MRR
FLRDGWEI,8,190.3,-54.829,6PTE
FLRDGWEIV,9,41.3,-66.514,1I1F
FLTENLLL,8,87.3,-54.596,4NO5
FLTENLLLYI,10,5.7,-72.914,3MGO
FLTENLLLY,9,1175.6,-67.741,3FT4
FLVFLGIITT,10,102.8,-76.477,4GKS
FLVLLPLV,8,77.5,-50.153,1EEY
FLVQAGNVQL,10,37.5,-74.042,5FDW
FLWLLWPV,8,7.3,-60.894,3I6G
FLWLLWPVTL,10,16.6,-71.999,5FDW
FPLNSIIKTI,10,421.4,-72.246,5C09
FQFCNDPFL,9,9.4,-62.819,4NO5
FQSASKIITL,10,253.3,-67.367,5C0B
FSASTSAFV,9,61.1,-59.995,4NNY
FSYFAVHFI,9,71.6,-65.881,3PWL
FTISVTTEI,9,48.4,-62.979,6PTE
FVAAIFYLI,9,9.8,-62.082,3V5H
FVCDNIKFA,9,506.1,-59.527,5WSH
FVDGVPFV,8,149.6,-58.102,3GSQ
FVDGVPFVV,9,11.8,-67.019,5SWQ
FVDRQTAQA,9,1632.0,-55.735,5EOO
FVENPDILRV,10,347.4,-71.355,5C0A
FVFPLNSII,9,208.3,-61.726,6NCA
FVLAAVYRI,9,10.6,-68.401,6OPD
FVLWAHGFEL,10,5.2,-79.686,5C0A
FVMMSAPPA,9,16.7,-67.946,5EOO
FVNEFYAYL,9,5.0,-60.536,3V5D
FVSDADSTL,9,187.1,-58.396,3V5D
FVSEETGTL,9,324.4,-53.904,3V5D
FVSNGTHWFV,10,12.5,-70.118,1I4F
FVTVYSHLL,9,86.0,-65.654,3V5D
FVVPGLPGTI,10,94.1,-65.031,1I4F
FVVPGLPGT,9,222.0,-61.916,6NCA
FYLITPVHVM,10,283.6,-72.853,6AMT
FYLTNDVSFL,10,38.5,-67.248,5FDW
GALDISASI,9,1750.2,-62.721,3TO2
GDISGINASV,10,1084.1,-55.633,1I4F
GINASVVNI,9,1067.6,-63.142,6OPD
GISQYSLRL,9,2067.9,-60.14,5HHO
GKIADYNYKL,10,834.0,-61.621,5FDW
GLAAIMQLF,9,1336.3,-70.802,3MRE
GLAAIMQL,8,1097.8,-56.014,3KLA
GLALYYPSA,9,65.7,-62.494,1S9X
GLCVDIPGI,9,132.2,-61.359,6PTB
GLEAPFLYL,9,128.2,-64.822,5ENW
GLFKDCSKV,9,60.5,-65.557,3MRC
GLIAIVMV,8,618.6,-47.876,2GTW
GLIAIVMVTI,10,137.8,-71.967,3MRR
GLIAIVMVT,9,307.4,-66.999,3GSX
GLLPPKNSI,9,992.1,-64.586,3PWN
GLMWLSYFI,9,4.2,-70.149,3PWN
GLNDNLLEI,9,13.5,-68.151,6OPD
GLNDNLLEIL,10,114.4,-71.283,5FDW
GLNGYTVEEA,10,693.2,-63.435,3UTQ
GLPGTILRT,9,2343.9,-65.131,3FQT
GLPWNVVRI,9,415.9,-67.785,6OPD
GLTVLPPLL,9,109.9,-60.81,3MRE
GLVAEWFLA,9,39.8,-68.814,3FQT
GLVEVEKGV,9,130.1,-62.791,6O4Z
GLVEVEKGVL,10,2175.2,-62.918,5FDW
GLWLDDVV,8,963.0,-43.543,3I6G
GLWLDDVVYC,10,87.3,-75.972,3UTQ
GLYPTLNI,8,2030.0,-49.117,3PWL
GLYPTLNIS,9,1891.5,-59.561,1S9Y
GMSRIGMEV,9,48.1,-56.47,1TVH
GMVLGSLAA,9,669.7,-52.196,3FQT
GNLHPDSATL,10,2185.0,-64.513,5FDW
GQINDMILSL,10,267.6,-67.007,5C0B
GQQFGPTYL,9,1756.7,-53.66,4NO5
GRLQSLQTYV,10,124.4,-61.002,1I4F
GVAPGTAVL,9,1647.7,-51.66,3V5D
GVDIAANTV,9,3198.8,-56.292,5SWQ
GVFCGVDAV,9,29.8,-60.946,3FQW
GVGYQPYRV,9,2950.7,-57.22,5SWQ
GVVTTVMFL,9,336.1,-65.562,3V5K
GVYDYLVST,9,62.6,-59.864,6NCA
GVYSVIYLYL,10,164.5,-66.633,5C0A
GWLIVGVALL,10,392.9,-68.946,5FDW
GYLNSTNVTI,10,380.7,-72.05,5C0B
HLDGEVITF,9,2568.0,-66.73,3GSV
HLIPLMYKGL,10,85.2,-73.647,5FDW
HLKDGTCGL,9,910.2,-60.848,5ENW
HLLLVAAGL,9,126.3,-68.666,1T1X
HLMSFPQSA,9,43.1,-70.262,5EU4
HLVDFQVTIA,10,234.7,-66.179,3UTQ
HLVDFQVTI,9,20.0,-71.365,3PWN
HMLDMYSV,8,123.8,-59.919,3I6G
HMLDMYSVM,9,322.1,-67.293,3MYJ
HMLDMYSVML,10,26.8,-81.492,5FDW
HPLADNKFAL,10,654.7,-62.797,5FDW
HTIDGSSGV,9,420.2,-54.885,1TVB
HVMVELVAEL,10,155.9,-70.639,5FDW
HVVAFNTLL,9,645.0,-61.941,3V5D
IAIPTNFTI,9,1028.2,-58.785,2GTW
IFFASFYYV,9,82.6,-70.546,1QRN
IFVDGVPFV,9,141.4,-67.692,3PWJ
IFVDGVPFVV,10,320.7,-65.722,1I4F
IIFLEGETL,9,1406.7,-59.584,5HHO
IIQFPNTYL,9,895.1,-55.681,5HHM
IITTDNTFV,9,345.9,-66.128,3MRH
IIWFLLLSV,9,35.6,-71.569,3MRL
ILANTCTERL,10,193.3,-69.031,5FDW
ILASFSAST,9,113.0,-70.872,5MEQ
ILAYCNKTV,9,64.8,-67.209,1HHG
ILDGISQYS,9,1130.0,-59.892,1S9Y
ILDGISQYSL,10,36.2,-69.356,5FDW
ILFLALITL,9,81.5,-71.122,1T1X
ILFTRFFYV,9,2.2,-72.003,2GIT
ILGLPTQTV,9,95.3,-71.076,1JHT
ILGPLSAQT,9,632.2,-68.785,5F9J
ILGTVSWNL,9,19.2,-68.402,5MEO
ILHCANFNV,9,8.9,-67.543,1HHG
ILKPANNSL,9,673.4,-64.012,5F9J
ILLAKDTTEA,10,560.1,-56.391,3UTQ
ILLLDQALV,9,22.7,-69.761,1QEW
ILLNKHIDA,9,754.0,-69.852,3FT4
ILNNLGVDI,9,344.9,-73.05,6OPD
ILQKEKVNI,9,1322.0,-65.907,6OPD
ILSDDAVVC,9,1537.0,-67.562,1S9W
ILSDDAVV,8,1447.7,-54.631,3MRH
ILSPLYAFA,9,13.8,-62.384,5EU5
ILTSLLVLV,9,7.6,-69.237,1EEY
INVFAFPFTI,10,42.6,-65.865,3MRR
IQPGQTFSV,9,120.9,-51.633,4NNY
ISDEFSSNV,9,690.4,-52.421,1TVB
ISMDNSPNL,9,1401.6,-63.164,3MYJ
ISMWALIISV,10,17.7,-65.914,4GKN
ITFDNLKTL,9,2044.5,-65.725,2V2X
IVAGGIVAI,9,83.2,-61.369,6OPD
IVAGGIVAIV,10,160.7,-68.113,5C0A
IVDEPEEHV,9,1120.2,-61.88,3FQW
IVDTVSALV,9,74.5,-62.179,3FQW
IVGDVVQEGV,10,926.4,-67.093,1I4F
IVGVALLAV,9,349.4,-69.985,5SWQ
IVNSVLLFL,9,122.5,-66.888,3V5H
KALNLGETFV,10,350.8,-61.281,2GT9
KIADYNYKL,9,16.2,-71.721,5HHO
KIAEIPKEEV,10,266.0,-67.174,3MRM
KIFVDGVPFV,10,8.6,-60.514,6O53
KIILFLALI,9,92.8,-67.494,5HHO
KILGLPTQTV,10,226.6,-64.709,3MRP
KITEHSWNA,9,211.0,-62.649,3MRH
KIVDEPEEHV,10,1675.1,-55.703,1I4F
KIYSKHTPI,9,285.4,-58.961,3PWN
KKLLEQWNLV,10,73.8,-74.579,3MRM
KLALGGSVAI,10,72.2,-70.359,3MRR
KLDDKDPNF,9,1672.6,-64.373,5ENW
KLDGFMGRI,9,168.1,-71.235,3PWN
KLDGVVCTEI,10,153.6,-66.998,3MRR
KLDNDALNNI,10,124.0,-62.98,3MGT
KLFAAETL,8,1466.8,-53.874,1T1X
KLFAAETLKA,10,210.6,-63.296,3UTQ
KLFDRYFKY,9,1733.1,-64.532,2V2X
KLFIRQEEV,9,30.1,-61.857,3MRK
KLGSLVVRC,9,1294.4,-63.007,1S9W
KLHDELTGHM,10,700.0,-60.348,3MGT
KLIEYTDFA,9,5.8,-58.035,1S9X
KLIEYTDFAT,10,23.0,-67.411,3MRM
KLINIIIWF,9,920.6,-64.763,1T1Y
KLINIIIWFL,10,10.0,-78.411,5FDW
KLKDCVMYA,9,36.5,-67.542,3FT4
KLKPVLDWL,9,98.0,-55.093,4MNQ
KLKTLVATA,9,645.6,-58.683,5EU5
KLLEQWNL,8,157.1,-50.771,4NO5
KLLEQWNLVI,10,32.5,-61.96,3MGT
KLLEQWNLV,9,6.7,-76.868,3GSV
KLLKSIAAT,9,177.4,-71.95,3GSQ
KLMPVCVET,9,34.5,-81.067,2X4O
KLNDLCFTNV,10,13.7,-65.436,3MRM
KLNEEIAII,9,34.3,-66.018,6PTB
KLNEEIAIIL,10,117.9,-72.302,5FDW
KLNEEIAI,8,1928.1,-45.529,6OPD
KLNIKLLGV,9,49.9,-68.717,6O4Y
KLNVGDYFV,9,8.8,-67.103,6O4Y
KLNVGDYFVL,10,119.1,-71.464,5FDW
KLPDDFTGC,9,533.4,-61.455,1S9W
KLPDDFTGCV,10,59.3,-59.296,1HHH
KLQDVVNQNA,10,569.0,-59.802,3UTQ
KLQFTSLEI,9,135.9,-68.597,6OPD
KLQNNELSPV,10,51.0,-70.051,3MRM
KLRGTAVMSL,10,484.0,-66.26,5FDW
KLRSDVLLPL,10,17.7,-64.033,5FDW
KLSHQSDIEV,10,203.3,-60.952,6O53
KLSYGIATV,9,10.1,-63.661,1JHT
KLTDNVYI,8,1260.8,-44.439,3PWL
KLVLSVNPYV,10,12.7,-58.607,6O53
KLVNKFLAL,9,30.4,-58.613,1T1Z
KLVSSFLEM,9,84.3,-66.567,3GSQ
KLWAQCVQL,9,13.6,-79.908,2X4O
KMADQAMTQM,10,475.2,-63.276,6AMT
KMAFPSGKV,9,298.0,-56.603,1TVH
KMFDAYVNTF,10,814.2,-70.93,6AMT
KMFDAYVNT,9,48.4,-64.465,3HPJ
KMSDVKCTSV,10,23.1,-60.861,6AM5
KMVSLLSVL,9,54.9,-64.24,3HPJ
KNLNESLIDL,10,335.2,-68.486,5FDW
KNLSDRVVFV,10,36.0,-67.522,6AM5
KNLYDKLVSS,10,605.5,-51.665,6O53
KQGDDYVYL,9,334.6,-62.024,4NO5
KQIYKTPPI,9,82.7,-65.439,4NO5
KQLIKVTLV,9,251.8,-61.878,4NNY
KQVVSDIDYV,10,396.3,-65.15,5C08
KTIGPDMFL,9,594.2,-68.94,4NO5
KTLQPVSELL,10,319.3,-64.502,5FDW
KVAGFAKFL,9,1002.8,-58.043,3V5D
KVDGVDVEL,9,522.7,-60.386,3V5H
KVDGVVQQL,9,782.1,-63.081,3V5H
KVEGCMVQV,9,555.9,-68.72,5SWQ
KVFTTVDNI,9,1007.2,-64.788,3FQW
LALSKGVHFV,10,107.4,-70.398,4GKN
LAWPLIVTA,9,665.9,-66.156,5EU5
LIIMRTFKV,9,58.7,-62.971,3MRI
LIVAAIVFI,9,146.7,-62.528,6OPD
LLADKFPV,8,103.1,-62.242,3MRK
LLADKFPVL,9,11.1,-66.285,1I7T
LLAKDTTEA,9,244.0,-57.181,3FT4
LLALHRSYL,9,286.1,-57.837,4MNQ
LLAPLLSAGI,10,29.5,-63.983,3MRR
LLDDFVEII,9,31.2,-70.333,3PWN
LLDDFVEI,8,439.0,-64.487,6OPD
LLDQALVSDV,10,58.1,-67.852,3MRN
LLEQWNLVI,9,478.9,-71.533,6OPD
LLESELVIGA,10,101.2,-64.062,3UTQ
LLFLMSFTV,9,8.8,-75.196,1QRN
LLFNKVTLA,9,18.0,-73.118,1S9X
LLFNKVTL,8,1345.4,-60.525,1T1X
LLHKPIVWHV,10,27.5,-72.983,3MRN
LLIVNNATNV,10,268.4,-75.757,6O51
LLLDDFVEII,10,21.4,-68.371,3MGO
LLLDDFVEI,9,4.7,-70.917,6OPD
LLLDQALV,8,520.2,-59.519,1QEW
LLLDRLNQL,9,11.3,-71.929,5MER
LLLLDRLNQL,10,170.9,-71.175,5FDW
LLLTILTSL,9,16.7,-73.272,3KLA
LLMPILTL,8,105.2,-61.943,1T1X
LLMPILTLT,9,16.3,-79.413,3GSR
LLPSLATV,8,453.8,-61.759,3GSQ
LLSAGIFGA,9,19.4,-65.89,5EU4
LLTILTSLL,9,70.5,-67.999,1EEZ
LLTLQQIEL,9,189.8,-67.415,2X4O
LLTNMFTPL,9,27.2,-77.859,5F9J
LLTPLGIDL,9,218.6,-67.021,2X4O
LLVAAGLEA,9,485.3,-62.083,3D25
LLWPVTLAC,9,269.6,-69.532,1S9W
LLYDANYFL,9,2.6,-75.012,1T1Z
LLYIDINGNL,10,286.3,-65.236,5FDW
LMCQPILLL,9,120.7,-74.957,2X4S
LMDGSIIQF,9,1017.2,-71.153,2X4S
LMIERFVSL,9,6.8,-72.543,2X4S
LMWLIINLV,9,65.6,-79.539,1TVH
LMYKGLPWNV,10,7.2,-75.279,6AM5
LQAENVTGL,9,123.5,-60.972,4NO5
LQAGNATEV,9,397.2,-61.073,4NNY
LQIPFAMQM,9,768.3,-67.894,4NO5
LQLGFSTGV,9,19.3,-56.634,4NNY
LQNNELSPV,9,92.9,-57.044,4NNY
LVFLGIITTV,10,133.8,-68.891,1I4F
LVLSVNPYV,9,20.9,-65.972,3FQW
LVSDIDITFL,10,196.2,-61.738,5FDW
LWAHGFEL,8,306.7,-63.957,1B0G
LYDANYFL,8,188.0,-62.788,1T1Z
MELTPVVQTI,10,266.5,-63.61,5C0B
MIAQYTSAL,9,82.1,-65.933,5HHO
MILSDDAVV,9,206.7,-62.294,3MRH
MLAKALRKV,9,41.3,-66.367,6R2L
MLDMYSVML,9,8.2,-70.149,3KLA
MLFTMLRKL,9,69.5,-77.776,4I4W
MLNPNYEDL,9,243.9,-71.854,5F9J
MLNPNYEDLL,10,208.1,-65.759,5FDW
MLSDTLKNL,9,54.1,-69.849,1S8D
MLVKQGDDYV,10,179.1,-77.909,3MRM
MLWCKDGHV,9,26.7,-65.15,3H7B
MMILSDDAV,9,34.5,-69.935,1TVH
MMISAGFSL,9,6.9,-64.246,2X4S
MMVTNNTFTL,10,37.2,-71.361,6AMT
MQVESDDYI,9,284.7,-62.913,4NO5
MVLGSLAATV,10,32.7,-67.618,5C0A
MVMCGGSLYV,10,15.9,-80.355,5C0A
MVTNNTFTL,9,188.6,-57.511,3V5K
MVYMPASWV,9,252.1,-65.636,3FQW
NDLNETLVTM,10,1343.5,-58.3,6AMT
NLACEDLKPV,10,157.9,-67.96,3I6K
NLAKHCLHV,9,89.8,-72.579,3MRC
NLAWPLIVTA,10,82.3,-68.922,3UTQ
NLAWPLIVT,9,531.6,-71.332,6EWC
NLDYIINLI,9,125.7,-69.137,3PWN
NLDYIINL,8,1382.7,-52.625,5HHO
NLHPDSATL,9,601.3,-64.981,1T20
NLHPDSATLV,10,1125.8,-65.675,4JFE
NLIDSYFV,8,140.7,-52.995,3I6G
NLIDSYFVV,9,5.0,-79.757,3GSQ
NLLKDCPAV,9,22.6,-66.894,3MRC
NLLLLFVTV,9,58.0,-76.961,2X4R
NLNESLIDL,9,132.6,-63.792,5ENW
NLREMLAHA,9,770.0,-66.866,3FT4
NLSDRVVFV,9,10.1,-70.78,3GSV
NLSDRVVFVL,10,91.0,-73.614,5FDW
NLVAVPTGYV,10,134.2,-62.799,3MRM
NLVIGFLFL,9,333.8,-64.251,3KLA
NLWNTFTRL,9,57.7,-71.171,1T20
NLYDKLVSS,9,130.9,-61.979,1S9Y
NMFTPLIQPI,10,60.2,-72.154,5C0B
NMLRIMASL,9,73.9,-74.098,3HPJ
NMMISAGFSL,10,75.1,-72.054,6AM5
NTFSSTFNV,9,72.6,-65.414,1TVB
NTLNDLNETL,10,1019.0,-67.38,5FDW
NTQEVFAQV,9,733.0,-62.878,1TVB
NVFAFPFTI,9,14.7,-74.517,5SWQ
NVLAWLYAA,9,20.0,-61.648,5WSH
NVLTLVYKV,9,106.6,-70.042,6NCA
NVYADSFVI,9,411.4,-67.554,5SWQ
PLADNKFAL,9,1697.2,-68.565,1S8D
PLVDLPIGI,9,1119.9,-69.447,6OPD
PVYSFLPGV,9,249.3,-54.838,3FQW
QELYSPIFLI,10,110.7,-69.445,3MGO
QIDGYVMHA,9,1691.4,-60.468,1HHI
QINDMILSL,9,405.7,-70.084,5HHO
QLCQYLNTL,9,404.5,-73.903,5MEQ
QLDEEQPMEI,10,1119.3,-73.461,3MGO
QLEMELTPV,9,215.6,-72.413,2BNQ
QLEMELTPVV,10,18.6,-59.912,1HHH
QLFFSYFAV,9,7.2,-76.455,1QSF
QLGFSTGVNL,10,963.7,-59.295,5FDW
QLGGLHLLI,9,215.5,-61.689,6OPD
QLHNDILLA,9,607.5,-62.386,3D25
QLLFVVEVV,9,65.8,-74.386,3GSX
QLMCQPILL,9,14.6,-69.57,2X4O
QLMCQPILLL,10,41.6,-76.345,5FDW
QLNRALTGI,9,485.4,-65.508,6PTE
QLSLPVLQV,9,285.3,-66.969,1JHT
QMAPISAMV,9,14.7,-62.131,1TVH
QMEIDFLELA,10,87.5,-66.716,6AMT
QQGEVPVSI,9,2910.2,-50.869,4NNY
QVDVVNFNL,9,1482.5,-61.592,3V5H
QVVSDIDYV,9,319.9,-69.033,3FQW
RAMPNMLRI,9,1485.0,-66.339,2GUO
RDLYDKLQFT,10,346.4,-56.097,3MGO
RIDGDMVPHI,10,871.1,-70.911,5C09
RIFTIGTVTL,10,487.5,-68.69,5FDW
RIIPARARV,9,1414.5,-59.414,3MRH
RILGAGCFV,9,58.8,-63.544,3MRH
RIMASLVLA,9,45.9,-59.964,3FQT
RIMTWLDMV,9,6.8,-65.953,3MRI
RIQPGQTFSV,10,549.7,-64.119,1I4F
RITGLYPTL,9,659.1,-66.977,5HHM
RLANECAQV,9,22.9,-72.031,3MRC
RLDKVEAEV,9,47.2,-64.949,3GSR
RLFARTRSM,9,634.4,-66.858,1QSE
RLIDAMMFT,9,15.9,-67.48,6EWC
RLIDAMMFTS,10,245.3,-72.169,2CLR
RLITGRLQSL,10,278.3,-68.321,5FDW
RLNEVAKNL,9,321.1,-71.229,5F9J
RLQAGNATEV,10,496.7,-65.335,6O53
RLQSLQTYV,9,19.5,-64.981,6EWC
RLSFKELLV,9,108.8,-70.717,6EWC
RLTLGVYDYL,10,87.7,-70.932,5FDW
RLYLDAYNM,9,190.4,-62.926,1T1X
RLYLDAYNMM,10,644.2,-66.479,3MGO
RPLLESELVI,10,272.1,-68.861,3MGO
RQLLFVVEV,9,19.5,-65.241,4NNY
RSLPGVFCGV,10,72.4,-49.703,6O53
RTIKVFTTV,9,164.1,-70.855,1TVB
RVWTLMNVL,9,579.5,-65.974,3V5D
RVYSTGSNV,9,1323.6,-61.088,3FQW
SALWEIQQVV,10,36.1,-67.76,2GT9
SFLAHIQWMV,10,5.6,-70.857,3I6K
SFLPGVYSV,9,307.1,-67.299,3MRB
SIAIPTNFTI,10,591.5,-68.887,5C09
SIDAFKLNI,9,736.7,-57.566,6OPD
SIIAYTMSL,9,17.0,-69.708,1HHI
SIIKTIQPRV,10,208.5,-65.851,1HHH
SIIQFPNTYL,10,553.6,-70.462,5FDW
SIVAGGIVAI,10,485.8,-68.899,3MRR
SIWNLDYII,9,67.1,-63.03,5HHQ
SKLIEYTDFA,10,66.0,-61.435,5C07
SLAIDAYPL,9,38.4,-73.078,5F9J
SLAIDAYPLT,10,545.8,-60.442,1HHH
SLDNVLSTFI,10,81.1,-60.979,3MGT
SLDNVLSTF,9,1782.6,-61.433,1T1Y
SLDTYPSL,8,2167.7,-47.758,1I7R
SLENVAFNV,9,37.9,-62.993,6R2L
SLENVAFNVV,10,247.1,-68.603,3MRP
SLETIQITI,9,367.0,-61.234,6OPD
SLFDMSKFPL,10,6.0,-67.282,5FDW
SLIDLQEL,8,376.7,-54.435,3KLA
SLINTLNDL,9,106.2,-69.65,1T20
SLIYSTAAL,9,67.1,-65.905,1T1X
SLKVPATVSV,10,59.7,-60.499,6O53
SLLMPILTL,9,77.0,-69.346,1T1X
SLLMPILTLT,10,72.3,-69.326,3GIV
SLLSVLLSM,9,28.8,-64.135,1T1Y
SLPFGWLIV,9,277.3,-65.016,1JHT
SLPGVFCGV,9,10.1,-59.259,6O4Z
SLPSYAAFA,9,57.8,-63.346,1S9X
SLQTYVTQQL,10,606.0,-66.95,5FDW
SLREVRTIKV,10,1006.2,-69.523,4JFD
SLRPDTRYV,9,512.1,-71.03,3GSQ
SLSHRFYRL,9,83.7,-63.17,4I4W
SLSSTASAL,9,758.1,-66.996,1T1Z
SLVKPSFYV,9,8.7,-59.551,3I6G
SMATNYDLSV,10,36.3,-67.749,6AM5
SMDNSPNLA,9,1568.7,-56.721,1TVH
SMQNCVLKL,9,73.4,-72.106,2X4S
SMSYEDQDAL,10,534.9,-68.245,5FDW
SMWALIISV,9,4.5,-74.468,1TVH
SMWSFNPET,9,30.5,-69.323,2X4S
SQLGGLHLLI,10,121.2,-65.973,5C0B
SQLGGLHLL,9,22.3,-62.348,4NO5
SQLMCQPILL,10,35.4,-65.382,5C08
SQMEIDFLEL,10,31.2,-74.884,5C0B
SRLDKVEAEV,10,459.0,-66.424,1I4F
STDTGVEHV,9,2931.6,-51.191,1TVB
STLIGDCATV,10,56.9,-66.316,6G3J
STSAFVETV,9,183.4,-58.056,1TVB
SVAALTNNV,9,188.2,-61.584,3FQW
SVFNICQAV,9,85.9,-66.313,5SWQ
SVLLFLAFV,9,30.9,-66.509,6NCA
SVLNDILSRL,10,209.7,-64.195,1I4F
SVLYYQNNV,9,386.7,-60.076,3FQW
SVTTEILPV,9,133.3,-59.065,6NCA
SVVSKVVKV,9,335.3,-61.733,6NCA
SWLMWLIINL,10,36.4,-74.338,5FDW
TIAEILLII,9,188.4,-70.774,5HHO
TIVEVQPQL,9,636.1,-67.53,5HHO
TLACFVLAA,9,27.4,-65.593,1S9X
TLACFVLAAV,10,12.6,-70.061,3I6K
TLATHGLAA,9,1186.7,-67.922,5EU4
TLATHGLAAV,10,28.1,-67.777,3I6K
TLAVPYNMRV,10,56.5,-66.503,3I6K
TLDSKTQSL,9,250.4,-57.549,1S8D
TLEPEYFNSV,10,69.8,-65.721,1HHH
TLETAQNSV,9,1627.0,-63.843,1HHG
TLGVLVPHV,9,25.4,-61.492,3REW
TLGVYDYLV,9,21.0,-72.984,1JHT
TLIGDCATV,9,15.3,-69.773,3MRC
TLIGEAVKT,9,2119.3,-61.837,3FQT
TLIVNSVLL,9,184.4,-65.527,1T1X
TLKNTVCTV,9,360.0,-55.026,3GSU
TLMIERFVSL,10,46.2,-74.501,5FDW
TLMNVLTL,8,407.4,-55.521,1T1X
TLMNVLTLV,9,3.8,-70.551,3REW
TLNDFNLVA,9,111.3,-65.919,3D25
TLNDFNLVAM,10,154.6,-71.334,3I6K
TLNDFNLV,8,1010.4,-52.408,1TVB
TLNDLNETL,9,34.6,-70.16,1T1Y
TLNDLNETLV,10,123.3,-62.141,3MRP
TLPKGIMMNV,10,77.3,-66.875,1HHH
TLPVNVAFEL,10,108.9,-58.549,5FDW
TLQAENVTGL,10,310.4,-64.052,5FDW
TLQPVSELL,9,83.4,-66.398,5F9J
TLSEQLDFI,9,25.0,-63.333,3PWN
TLVPQEHYV,9,16.2,-65.295,3MRB
TLVSDIDITF,10,2049.0,-69.514,3GIV
TLVTMPLGYV,10,43.5,-71.601,3I6K
TMADLVYAL,9,3.6,-81.007,2X4S
TMCDIRQLL,9,262.0,-73.303,3HPJ
TPVYSFLPGV,10,59.2,-65.302,1HHH
TQAPTHLSV,9,788.3,-63.809,4NNY
TQYNRYLAL,9,716.4,-73.769,4NO5
TTIQTIVEV,9,415.2,-75.26,1TVB
TTLKGVEAV,9,860.3,-69.581,1TVB
TTLNDFNLVA,10,773.9,-66.976,5C0C
TVASLINTL,9,1219.8,-63.286,3V5D
TVYDPLQPEL,10,880.1,-57.942,1I4F
TVYEKLKPV,9,47.8,-62.605,6NCA
TVYSHLLLV,9,16.5,-64.544,6NCA
TVYTKVDGV,9,268.8,-66.057,3FQW
TWLDMVDTSL,10,521.1,-59.647,5FDW
VELFENKTTL,10,1066.9,-57.724,5FDW
VFLGIITTV,9,1560.7,-73.902,3MRL
VIGIVNNTV,9,1067.4,-64.999,3MRG
VINGDRWFL,9,508.1,-59.582,1HHI
VLAWLYAAV,9,8.2,-63.877,3I6G
VLCNSQTSL,9,853.0,-68.479,1T1Z
VLGLAAIMQL,10,64.2,-65.154,5FDW
VLGSLAATV,9,50.7,-67.365,1EEY
VLHDIGNPKA,10,1308.9,-61.09,3UTQ
VLHSTQDLFL,10,285.9,-75.83,5FDW
VLLAPLLSA,9,54.4,-62.321,3FT4
VLLFLAFVV,9,27.9,-67.62,3I6G
VLLSMQGAV,9,102.4,-65.007,1EEY
VLLSVLQQL,9,25.2,-70.854,5MER
VLMDGSII,8,578.7,-58.023,6NCA
VLMDGSIIQF,10,616.8,-69.242,4GKS
VLNDILSRL,9,17.9,-67.89,5MEO
VLNNDYYRSL,10,741.7,-61.073,5FDW
VLPNDDTLRV,10,198.1,-61.233,1HHH
VLPQLEQPYV,10,170.5,-63.737,1HHH
VLQAVGACV,9,110.8,-66.32,1EEY
VLQKAAITI,9,406.8,-67.874,6OPD
VLQLPQGTTL,10,1468.6,-69.425,5FDW
VLQVRDVLV,9,325.7,-68.49,2GIT
VLSDRELHL,9,78.0,-73.426,1EEZ
VLSEARQHL,9,314.5,-60.845,4I4W
VLSFCAFAV,9,8.3,-62.08,1HHG
VLSFELLHA,9,146.9,-68.494,3D25
VLSTFISAA,9,59.6,-59.139,1S9X
VLSVNPYV,8,419.9,-59.508,3FQW
VLVPHVGEI,9,174.0,-66.658,6PTB
VLVRGFGDSV,10,283.7,-65.438,1HHH
VLWAHGFEL,9,5.1,-74.239,1B0G
VLYENQKLIA,10,873.0,-65.198,3UTQ
VLYENQKLI,9,386.1,-61.32,3PWN
VLYQPPQTSI,10,913.5,-66.382,3MGT
VLYYQNNVFM,10,489.7,-76.554,3MGT
VMAYITGGV,9,27.8,-64.556,1TVH
VMCGGSLYV,9,15.9,-72.011,1TVH
VMPLSAPTL,9,626.4,-62.105,3MYJ
VMPLSAPTLV,10,94.7,-69.622,6AM5
VMVELVAEL,9,10.5,-70.51,2X4S
VMYASAVVL,9,100.2,-65.386,3MYJ
VMYASAVVLL,10,78.7,-60.51,6AMT
VQEGVLTAV,9,762.4,-59.247,4NNY
VQLHNDILLA,10,925.1,-65.622,5C07
VQLHNDILL,9,714.7,-66.935,4NO5
VQLSLPVLQV,10,237.3,-64.629,5C08
VQMAPISAM,9,459.2,-65.979,4NO5
VQMAPISAMV,10,40.0,-62.731,5C08
VSLVKPSFYV,10,85.8,-62.569,5C0A
VTIAEILLI,9,672.9,-64.947,6OPD
VTWFHAIHV,9,122.2,-63.889,1TVB
VVADAVIKTL,10,1684.7,-74.233,1I4F
VVDSYYSLL,9,775.3,-60.245,3V5D
VVFDEISMA,9,480.2,-68.952,5WSH
VVFLHVTYV,9,21.2,-65.823,6NCA
VVIGIVNNTV,10,770.8,-72.673,1I4F
VVISSDVLV,9,509.4,-62.973,6NCA
VVLLSVLQQL,10,192.2,-69.738,5FDW
VVMAYITGGV,10,37.8,-66.344,5C0A
VVNAANVYL,9,624.0,-56.297,3V5D
VVNPVMEPI,9,534.5,-61.962,6PTB
VVQEGVLTA,9,1830.9,-59.825,5WSH
VVQEGVLTAV,10,455.1,-67.898,1I4F
WLDDDSQQT,9,2056.7,-61.042,3D25
WLDDDSQQTV,10,124.4,-68.013,1HHH
WLDMVDTSL,9,26.4,-75.84,5F9J
WLIINLVQM,9,256.6,-76.226,4L29
WLIVGVALL,9,32.6,-61.102,3MRE
WLLWPVTLA,9,44.7,-75.557,1S9X
WLMWLIINL,9,14.9,-78.855,3KLA
WLPTGTLLV,9,31.1,-69.895,5EU6
WLTNIFGTV,9,34.1,-63.844,6R2L
WLTYTGAIKL,10,126.1,-77.46,5FDW
WMVMFTPLV,9,9.7,-69.759,1TVH
WTLMNVLTLV,10,8.7,-75.609,6G3J
YADVFHLYL,9,206.2,-58.876,1I7R
YDLSVVNARL,10,94.9,-63.64,5FDW
YFLQSINFV,9,348.7,-73.747,4L29
YHLMSFPQSA,10,18.8,-53.496,5C0D
YIATNGPLKV,10,337.8,-61.959,6O51
YIDIGNYTV,9,9.2,-65.937,3MRI
YIFFASFYYV,10,5.1,-74.144,5C0A
YIINLIIKNL,10,145.3,-72.037,5FDW
YILFTRFFYV,10,3.9,-87.627,6O51
YITGGVVQL,9,63.7,-66.159,1HHI
YIVDSVTV,8,1626.2,-55.549,6O4Y
YIWLGFIAGL,10,31.0,-64.814,5FDW
YKLNVGDYFV,10,12.5,-73.436,6O51
YLASGGQPI,9,13.5,-64.85,6PTB
YLATALLTL,9,7.0,-68.549,1S8D
YLAVFDKNL,9,58.2,-69.017,4I4W
YLDAYNMMI,9,3.0,-69.451,6OPD
YLDAYNMM,8,393.7,-63.551,6NCA
YLDGADVTKI,10,99.2,-69.804,5C09
YLEGSVRV,8,261.7,-63.032,6O4Y
YLEGSVRVV,9,355.5,-67.228,1I1Y
YLFDESGEF,9,148.2,-64.438,3D25
YLFQHANL,8,469.3,-56.434,4NO5
YLGGMSYYC,9,98.8,-67.068,1S9W
YLGKPREQI,9,950.5,-68.686,6PTB
YLGTGPEAGL,10,330.8,-65.212,5FDW
YLITPVHV,8,139.1,-65.678,2GIT
YLITPVHVM,9,26.5,-66.586,1I1Y
YLKLRSDVLL,10,35.0,-80.45,5FDW
YLKLTDNVYI,10,11.5,-71.147,3MGO
YLKSPNFSKL,10,147.1,-60.43,5FDW
YLNSTNVTIA,10,386.3,-59.909,3UTQ
YLNSTNVTI,9,19.4,-64.182,6OPD
YLNTLTLAV,9,4.2,-66.419,5EU6
YLPQNAVVKI,10,195.6,-65.675,3MGO
YLPYPDPSRI,10,116.8,-74.151,5C09
YLQPRTFL,8,444.6,-55.432,3KLA
YLQPRTFLL,9,4.1,-75.771,5F9J
YLTFYLTNDV,10,14.1,-76.219,6O51
YLTNDVSFLA,10,14.3,-72.11,3UTQ
YLTNDVSFL,9,7.6,-59.851,1S8D
YLVQQESPFV,10,18.9,-67.587,1HHH
YLYALVYFL,9,2.5,-73.002,1EEZ
YLYFIKGL,8,841.3,-61.126,5HHO
YLYLTFYL,8,14.9,-65.071,5HHM
YLYLTFYLT,9,33.4,-73.136,1T1X
YMPASWVMRI,10,17.3,-75.454,5C09
YMPYFFTL,8,34.4,-64.015,5HHO
YMPYFFTLL,9,11.2,-61.293,3MYJ
YNLLKDCPAV,10,13.2,-71.834,6O51
YNLWNTFTRL,10,26.7,-64.764,5FDW
YPIIGDELKI,10,2434.5,-66.243,5C09
YQDVNCTEV,9,74.3,-59.402,4NNY
YQHEETIYNL,10,218.1,-73.788,5C07
YQVNGYPNM,9,373.4,-66.865,4NO5
YRLANECAQV,10,26.5,-64.204,6O51
YRLYLDAYNM,10,210.7,-65.864,6AMT
YSFLPGVYSV,10,77.0,-62.662,6O51
YSLLMPILTL,10,69.3,-72.628,5FDW
YTMADLVYA,9,7.9,-64.774,3FT4
YTMADLVYAL,10,4.1,-59.895,6G3J
YTNSFTRGV,9,516.0,-61.224,1TVB
YTVEEAKTV,9,1445.2,-56.988,1TVB
YTVELGTEV,9,104.3,-60.752,1TVB
YVDNSSLTI,9,235.8,-69.378,5SWQ
YVFCTVNAL,9,35.8,-69.095,3V5D
YVLPNDDTL,9,347.3,-58.475,3V5D
YVVDDPCPI,9,59.8,-58.556,6NCA
YVWKSYVHV,9,14.4,-68.505,6NCA
YVWKSYVHVV,10,22.3,-76.573,1I4F
YVYIGDPAQL,10,741.5,-65.504,5C0A
YVYNPFMIDV,10,27.3,-74.969,5C0A
YVYSRVKNL,9,859.2,-55.752,3V5D
YYLFDESGEF,10,1862.2,-62.111,6O51
